{"cameraMode":{"drawMode":0,"name":"Shaded","section":"Shading Mode"},"sceneLighting":false,"audioPlay":false,"sceneViewState":{"showFog":true,"showMaterialUpdate":false,"showSkybox":true,"showFlares":true,"showImageEffects":true,"showParticleSystems":true},"in2DMode":false,"pivot":{"x":49.50070571899414,"y":-6.752922058105469,"z":22.858556747436525},"rotation":{"x":-0.034183427691459659,"y":-0.8828029632568359,"z":0.06499127298593521,"w":-0.4639682471752167},"size":2.3342976570129396,"orthographic":false}